{
	"envBenefits": {
		"gasEmissionSaved": {
			"units": "kg",
			"co2": 44.603718,
			"so2": 57.80278,
			"nox": 18.43317
		},
		"treesPlanted": 1.3312845,
		"lightBulbs": 344.80304
	}
}

